
CREATE DATABASE smort;

\c smort;

CREATE TABLE region (
    ID SERIAL PRIMARY KEY,
    name VARCHAR(50) NOT NULL,
    region VARCHAR(50) NOT NULL,
    latitude DECIMAL(8,6) NOT NULL,
    longitude DECIMAL(9,6) NOT NULL
);


INSERT INTO region (ID, name, region, latitude, longitude) VALUES
(1, 'seri iskandar', 'perak tengah', 4.599766, 101.088338),
(2, 'pekan ipoh', 'kinta', 4.718927, 101.121763),
(3, 'batu gajah', 'kinta tengah', 4.471511, 101.044970);


SELECT setval('region_id_seq', (SELECT MAX(ID) FROM region));

CREATE TABLE sensor (
    ID SERIAL PRIMARY KEY,
    latitude DECIMAL(8,6) NOT NULL,
    longitude DECIMAL(9,6) NOT NULL,
    name VARCHAR(50) NOT NULL
);


INSERT INTO sensor (ID, latitude, longitude, name) VALUES
(1, 4.382715, 100.974509, 'V6'),
(2, 4.386550, 100.974736, 'Sport Complex'),
(3, 4.386821, 100.970825, 'V1'),
(4, 4.388135, 100.967944, 'V2'),
(5, 4.376466, 100.969537, 'UTP Plant'),
(6, 4.598820, 101.077110, 'Ipoh Parade'),
(7, 4.424457, 101.045338, 'Big Portion'),
(8, 4.459991, 101.049471, 'KTM Batu gajah'),
(9, 4.475300, 101.087400, 'Kellie Castle');

-- Reset the sequence to account for explicit ID insertions
SELECT setval('sensor_id_seq', (SELECT MAX(ID) FROM sensor));

CREATE TABLE region_sensor (
    region_ID INTEGER NOT NULL,
    sensor_ID INTEGER NOT NULL,
    PRIMARY KEY (region_ID, sensor_ID),
    FOREIGN KEY (region_ID) REFERENCES region(ID) ON DELETE CASCADE,
    FOREIGN KEY (sensor_ID) REFERENCES sensor(ID) ON DELETE CASCADE
);

-- Inserting data into region_sensor table
INSERT INTO region_sensor (region_ID, sensor_ID) VALUES
(1, 1),
(1, 2),
(1, 3),
(1, 4),
(1, 5),
(2, 6),
(3, 7),
(3, 8),
(3, 9);

CREATE TABLE sensor_record (
    smort_ID INTEGER NOT NULL,
    time_stamp TIMESTAMP NOT NULL DEFAULT CURRENT_TIMESTAMP,
    trash_level DECIMAL(5,2) NOT NULL,
    image BYTEA NOT NULL,
    PRIMARY KEY (smort_ID, time_stamp),
    FOREIGN KEY (smort_ID) REFERENCES sensor(ID)
);

-- Inserting data into sensor_record table
INSERT INTO sensor_record (smort_ID, time_stamp, trash_level, image) VALUES
(1, '2023-09-30 16:00:00', 10.00, ''),
(1, '2023-09-30 16:30:00', 20.00, ''),
(1, '2023-09-30 17:00:00', 30.00, ''),
(1, '2023-09-30 17:30:00', 40.00, ''),
(1, '2023-09-30 18:00:00', 50.00, ''),
(1, '2023-09-30 18:30:00', 60.00, ''),
(1, '2023-09-30 19:00:00', 70.00, ''),
(1, '2023-09-30 19:30:00', 80.00, ''),
(1, '2023-09-30 20:00:00', 90.00, ''),
(1, '2023-09-30 20:30:00', 100.00, ''),
(1, '2023-09-30 21:00:00', 0.00, ''),
(2, '2023-09-30 16:00:00', 15.00, ''),
(2, '2023-09-30 16:30:00', 25.00, ''),
(2, '2023-09-30 17:00:00', 35.00, ''),
(2, '2023-09-30 17:30:00', 45.00, ''),
(2, '2023-09-30 18:00:00', 55.00, ''),
(2, '2023-09-30 18:30:00', 65.00, ''),
(2, '2023-09-30 19:00:00', 75.00, ''),
(2, '2023-09-30 19:30:00', 85.00, ''),
(2, '2023-09-30 20:00:00', 95.00, ''),
(2, '2023-09-30 20:30:00', 5.00, ''),
(2, '2023-09-30 21:00:00', 15.00, ''),
(3, '2023-09-30 16:00:00', 15.00, ''),
(3, '2023-09-30 16:30:00', 25.00, ''),
(3, '2023-09-30 17:00:00', 35.00, ''),
(3, '2023-09-30 17:30:00', 45.00, ''),
(3, '2023-09-30 18:00:00', 55.00, ''),
(3, '2023-09-30 18:30:00', 65.00, ''),
(3, '2023-09-30 19:00:00', 75.00, ''),
(3, '2023-09-30 19:30:00', 85.00, ''),
(3, '2023-09-30 20:00:00', 95.00, ''),
(3, '2023-09-30 20:30:00', 5.00, ''),
(3, '2023-09-30 21:00:00', 15.00, ''),
(4, '2023-09-30 16:00:00', 15.00, ''),
(4, '2023-09-30 16:30:00', 25.00, ''),
(4, '2023-09-30 17:00:00', 35.00, ''),
(4, '2023-09-30 17:30:00', 45.00, ''),
(4, '2023-09-30 18:00:00', 55.00, ''),
(4, '2023-09-30 18:30:00', 65.00, ''),
(4, '2023-09-30 19:00:00', 75.00, ''),
(4, '2023-09-30 19:30:00', 85.00, ''),
(4, '2023-09-30 20:00:00', 95.00, ''),
(4, '2023-09-30 20:30:00', 5.00, ''),
(4, '2023-09-30 21:00:00', 15.00, ''),
(5, '2023-09-30 16:00:00', 15.00, ''),
(5, '2023-09-30 16:30:00', 25.00, ''),
(5, '2023-09-30 17:00:00', 35.00, ''),
(5, '2023-09-30 17:30:00', 45.00, ''),
(5, '2023-09-30 18:00:00', 55.00, ''),
(5, '2023-09-30 18:30:00', 65.00, ''),
(5, '2023-09-30 19:00:00', 75.00, ''),
(5, '2023-09-30 19:30:00', 85.00, ''),
(5, '2023-09-30 20:00:00', 95.00, ''),
(5, '2023-09-30 20:30:00', 5.00, ''),
(5, '2023-09-30 21:00:00', 15.00, ''),
(6, '2023-09-30 16:00:00', 15.00, ''),
(6, '2023-09-30 16:30:00', 25.00, ''),
(6, '2023-09-30 17:00:00', 35.00, ''),
(6, '2023-09-30 17:30:00', 45.00, ''),
(6, '2023-09-30 18:00:00', 55.00, ''),
(6, '2023-09-30 18:30:00', 65.00, ''),
(6, '2023-09-30 19:00:00', 75.00, ''),
(6, '2023-09-30 19:30:00', 85.00, ''),
(6, '2023-09-30 20:00:00', 95.00, ''),
(6, '2023-09-30 20:30:00', 5.00, ''),
(6, '2023-09-30 21:00:00', 15.00, ''),
(7, '2023-09-30 16:00:00', 15.00, ''),
(7, '2023-09-30 16:30:00', 25.00, ''),
(7, '2023-09-30 17:00:00', 35.00, ''),
(7, '2023-09-30 17:30:00', 45.00, ''),
(7, '2023-09-30 18:00:00', 55.00, ''),
(7, '2023-09-30 18:30:00', 65.00, ''),
(7, '2023-09-30 19:00:00', 75.00, ''),
(7, '2023-09-30 19:30:00', 85.00, ''),
(7, '2023-09-30 20:00:00', 95.00, ''),
(7, '2023-09-30 20:30:00', 5.00, ''),
(7, '2023-09-30 21:00:00', 15.00, ''),
(8, '2023-09-30 16:00:00', 15.00, ''),
(8, '2023-09-30 16:30:00', 25.00, ''),
(8, '2023-09-30 17:00:00', 35.00, ''),
(8, '2023-09-30 17:30:00', 45.00, ''),
(8, '2023-09-30 18:00:00', 55.00, ''),
(8, '2023-09-30 18:30:00', 65.00, ''),
(8, '2023-09-30 19:00:00', 75.00, ''),
(8, '2023-09-30 19:30:00', 85.00, ''),
(8, '2023-09-30 20:00:00', 95.00, ''),
(8, '2023-09-30 20:30:00', 5.00, ''),
(8, '2023-09-30 21:00:00', 15.00, ''),
(9, '2023-09-30 16:00:00', 5.00, ''),
(9, '2023-09-30 16:30:00', 15.00, ''),
(9, '2023-09-30 17:00:00', 25.00, ''),
(9, '2023-09-30 17:30:00', 35.00, ''),
(9, '2023-09-30 18:00:00', 45.00, ''),
(9, '2023-09-30 18:30:00', 55.00, ''),
(9, '2023-09-30 19:00:00', 65.00, ''),
(9, '2023-09-30 19:30:00', 75.00, ''),
(9, '2023-09-30 20:00:00', 85.00, ''),
(9, '2023-09-30 20:30:00', 95.00, ''),
(9, '2023-09-30 21:00:00', 5.00, '');